<?xml version="1.0" encoding="UTF-8"?>

<connection-factories>

   <!-- FACTORIES -->
   <tx-connection-factory>

    <jndi-name>jms/OPV_CF</jndi-name>
    <xa-transaction />
    <rar-name>activemq-ra.rar</rar-name>

    <connection-definition>
      javax.jms.ConnectionFactory
    </connection-definition>

	<ServerUrl>tcp://127.0.0.1:61616?useLocalHost=true&amp;keepAlive=true&amp;useInactivityMonitor=false</ServerUrl>

    <!--<security-domain-and-application>AVNXARealm</security-domain-and-application>-->
	</tx-connection-factory>
  
  <tx-connection-factory>

    <jndi-name>jms/AVN_CF</jndi-name>
    <xa-transaction />
    <rar-name>activemq-ra.rar</rar-name>

    <connection-definition>
      javax.jms.ConnectionFactory
    </connection-definition>
	
	<ServerUrl>tcp://127.0.0.1:61616?useLocalHost=true&amp;keepAlive=true&amp;useInactivityMonitor=false</ServerUrl>

   <!-- <security-domain-and-application>AVNXARealm</security-domain-and-application>-->
  </tx-connection-factory>

	
   <!-- REQUEST QUEUES -->
   
   <mbean code="org.jboss.resource.deployment.AdminObject" name="activemq.queue:name=avnopcomservice">
      <attribute name="JNDIName">avnOpComPushQueue</attribute>
      <depends optional-attribute-name="RARName">jboss.jca:service=RARDeployment,name='activemq-ra.rar'</depends>
      <attribute name="Type">javax.jms.Queue</attribute>
      <attribute name="Properties">PhysicalName=AVN.OPCOM.SERVICE</attribute>
   </mbean>
   
   <mbean code="org.jboss.resource.deployment.AdminObject" name="activemq.queue:name=avnrdsservice">
      <attribute name="JNDIName">AVN_RDSSERVICE</attribute>
      <depends optional-attribute-name="RARName">jboss.jca:service=RARDeployment,name='activemq-ra.rar'</depends>
      <attribute name="Type">javax.jms.Queue</attribute>
      <attribute name="Properties">PhysicalName=AVN.RDS.SERVICE</attribute>
   </mbean>   
   
   <mbean code="org.jboss.resource.deployment.AdminObject" name="activemq.queue:name=avnrdsserviceprio">
      <attribute name="JNDIName">AVN_RDSSERVICEPRIO</attribute>
      <depends optional-attribute-name="RARName">jboss.jca:service=RARDeployment,name='activemq-ra.rar'</depends>
      <attribute name="Type">javax.jms.Queue</attribute>
      <attribute name="Properties">PhysicalName=AVN.RDSPRIO.SERVICE</attribute>
   </mbean> 

   <!-- 
   
   <mbean code="org.jboss.resource.deployment.AdminObject" name="activemq.queue:name=opvorderbookingresponse">
      <attribute name="JNDIName">OPV_ORDERBOOKINGRESPONSE</attribute>
      <depends optional-attribute-name="RARName">jboss.jca:service=RARDeployment,name='activemq-ra.rar'</depends>
      <attribute name="Type">javax.jms.Queue</attribute>
      <attribute name="Properties">PhysicalName=OPV.ORDERBOOKING.RESPONSE</attribute>
   </mbean>   
   
   

   <mbean code="org.jboss.resource.deployment.AdminObject" name="activemq.queue:name=avnopcomresponse">
      <attribute name="JNDIName">AVN_OPCOMRESPONSE</attribute>
      <depends optional-attribute-name="RARName">jboss.jca:service=RARDeployment,name='activemq-ra.rar'</depends>
      <attribute name="Type">javax.jms.Queue</attribute>
      <attribute name="Properties">PhysicalName=AVN.OPCOM.RESPONSE</attribute>
   </mbean>

   <mbean code="org.jboss.resource.deployment.AdminObject" name="activemq.queue:name=avnvehresponse">
      <attribute name="JNDIName">AVN_VEHRESPONSE</attribute>
      <depends optional-attribute-name="RARName">jboss.jca:service=RARDeployment,name='activemq-ra.rar'</depends>
      <attribute name="Type">javax.jms.Queue</attribute>
      <attribute name="Properties">PhysicalName=AVN.VEH.RESPONSE</attribute>
   </mbean>
   
   <mbean code="org.jboss.resource.deployment.AdminObject" name="activemq.queue:name=avnsslresponse">
      <attribute name="JNDIName">AVN_SSLRESPONSE</attribute>
      <depends optional-attribute-name="RARName">jboss.jca:service=RARDeployment,name='activemq-ra.rar'</depends>
      <attribute name="Type">javax.jms.Queue</attribute>
      <attribute name="Properties">PhysicalName=AVN.SSL.RESPONSE</attribute>
   </mbean>
   
   <mbean code="org.jboss.resource.deployment.AdminObject" name="activemq.queue:name=avnblockingresponse">
      <attribute name="JNDIName">AVN_BLOCKINGRESPONSE</attribute>
      <depends optional-attribute-name="RARName">jboss.jca:service=RARDeployment,name='activemq-ra.rar'</depends>
      <attribute name="Type">javax.jms.Queue</attribute>
      <attribute name="Properties">PhysicalName=AVN.BLOCKING.RESPONSE</attribute>
   </mbean>
   
   <mbean code="org.jboss.resource.deployment.AdminObject" name="activemq.queue:name=avndsresponse">
      <attribute name="JNDIName">AVN_DSRESPONSE</attribute>
      <depends optional-attribute-name="RARName">jboss.jca:service=RARDeployment,name='activemq-ra.rar'</depends>
      <attribute name="Type">javax.jms.Queue</attribute>
      <attribute name="Properties">PhysicalName=AVN.DS.RESPONSE</attribute>
   </mbean>
   
   <mbean code="org.jboss.resource.deployment.AdminObject" name="activemq.queue:name=avnserviresponse">
      <attribute name="JNDIName">AVN_SERVIRESPONSE</attribute>
      <depends optional-attribute-name="RARName">jboss.jca:service=RARDeployment,name='activemq-ra.rar'</depends>
      <attribute name="Type">javax.jms.Queue</attribute>
      <attribute name="Properties">PhysicalName=AVN.SERVI.RESPONSE</attribute>
   </mbean>

   <mbean code="org.jboss.resource.deployment.AdminObject" name="activemq.queue:name=avnsearchordersolresponse">
      <attribute name="JNDIName">AVN_RDSRESPONSE</attribute>
      <depends optional-attribute-name="RARName">jboss.jca:service=RARDeployment,name='activemq-ra.rar'</depends>
      <attribute name="Type">javax.jms.Queue</attribute>
      <attribute name="Properties">PhysicalName=AVN.RDS.RESPONSE</attribute>
   </mbean>
   
   <mbean code="org.jboss.resource.deployment.AdminObject" name="activemq.queue:name=avntransferresponse">
      <attribute name="JNDIName">AVN_TRANSFERRESPONSE</attribute>
      <depends optional-attribute-name="RARName">jboss.jca:service=RARDeployment,name='activemq-ra.rar'</depends>
      <attribute name="Type">javax.jms.Queue</attribute>
      <attribute name="Properties">PhysicalName=AVN.TRANSFER.RESPONSE</attribute>
   </mbean>

   <mbean code="org.jboss.resource.deployment.AdminObject" name="activemq.queue:name=avnorderresponse">
      <attribute name="JNDIName">AVN_ORDERRESPONSE</attribute>
      <depends optional-attribute-name="RARName">jboss.jca:service=RARDeployment,name='activemq-ra.rar'</depends>
      <attribute name="Type">javax.jms.Queue</attribute>
      <attribute name="Properties">PhysicalName=AVN.ORDER.RESPONSE</attribute>
   </mbean>

   <mbean code="org.jboss.resource.deployment.AdminObject" name="activemq.queue:name=avnsearchordersolbulkresponse">
      <attribute name="JNDIName">AVN_RDSBULKRESPONSE</attribute>
      <depends optional-attribute-name="RARName">jboss.jca:service=RARDeployment,name='activemq-ra.rar'</depends>
      <attribute name="Type">javax.jms.Queue</attribute>
      <attribute name="Properties">PhysicalName=AVN.RDSBULK.RESPONSE</attribute>
   </mbean>

   <mbean code="org.jboss.resource.deployment.AdminObject" name="activemq.queue:name=avnbulkserviresponse">
      <attribute name="JNDIName">AVN_BULKSERVIRESPONSE</attribute>
      <depends optional-attribute-name="RARName">jboss.jca:service=RARDeployment,name='activemq-ra.rar'</depends>
      <attribute name="Type">javax.jms.Queue</attribute>
      <attribute name="Properties">PhysicalName=AVN.BULKSERVI.RESPONSE</attribute>
   </mbean>

   <mbean code="org.jboss.resource.deployment.AdminObject" name="activemq.queue:name=avncalloffresponse">
      <attribute name="JNDIName">AVN_CALLOFFRESPONSE</attribute>
      <depends optional-attribute-name="RARName">jboss.jca:service=RARDeployment,name='activemq-ra.rar'</depends>
      <attribute name="Type">javax.jms.Queue</attribute>
      <attribute name="Properties">PhysicalName=AVN.CALLOFF.RESPONSE</attribute>
   </mbean>

   <mbean code="org.jboss.resource.deployment.AdminObject" name="activemq.queue:name=avnpatresponse">
      <attribute name="JNDIName">AVN_PATRESPONSE</attribute>
      <depends optional-attribute-name="RARName">jboss.jca:service=RARDeployment,name='activemq-ra.rar'</depends>
      <attribute name="Type">javax.jms.Queue</attribute>
      <attribute name="Properties">PhysicalName=AVN.PAT.RESPONSE</attribute>
   </mbean>
   
   -->
  
</connection-factories>