<?xml version="1.0"?>
<datasources>
	
	<local-tx-datasource>
		<jndi-name>jdbc/DVN_P4</jndi-name>
		<type-mapping>Oracle</type-mapping>
		<!-- DEPLOY -->
		<!--<connection-url>jdbc:oracle:thin:@YVAL1HS0.inetpsa.com:1521:DVNP4</connection-url>
				<driver-class>oracle.jdbc.OracleDriver</driver-class>
		<user-name>dvnp4e</user-name>
		<password>changeit</password>-->
		<!-- RDD -->
		<!--<connection-url>jdbc:oracle:thin:@YVAL3600.inetpsa.com:1521:DVNP4</connection-url>
				<driver-class>oracle.jdbc.OracleDriver</driver-class>
		<user-name>dvnp4e</user-name>
		<password>changeit</password>-->
		<!-- PROD -->
		<!--<connection-url>jdbc:oracle:thin:@YVAL1D60.inetpsa.com:1521:DVNP4</connection-url>
				<driver-class>oracle.jdbc.OracleDriver</driver-class>
		<user-name>dvnp4e</user-name>
		<password>changeit</password>-->
		<!-- PP2 -->
		<connection-url>jdbc:oracle:thin:@YVAL3DP0.inetpsa.com:1521:DVNP4</connection-url>
				<driver-class>oracle.jdbc.OracleDriver</driver-class>
		<user-name>dvnp4e</user-name>
		<password>changeit</password>
		<!-- VCO -->
		<!--<connection-url>jdbc:oracle:thin:@YVAL0G70.inetpsa.com:1521:DVNP4</connection-url>
				<driver-class>oracle.jdbc.OracleDriver</driver-class>
		<user-name>dvnp4e</user-name>
		<password>changeit</password>-->
		<!-- DEPLOY FR P1 -->
		<!--<connection-url>jdbc:oracle:thin:@YVAL46A0.inetpsa.com:1521:DVNP1</connection-url>
				<driver-class>oracle.jdbc.OracleDriver</driver-class>
		<user-name>dvnp1e</user-name>
		<password>changeit</password>-->
		<min-pool-size>1</min-pool-size>
		<max-pool-size>5</max-pool-size>
	</local-tx-datasource>
	
	<local-tx-datasource>
		<jndi-name>jdbc/DVN_P1</jndi-name>
		<type-mapping>Oracle</type-mapping>
		<!-- DEPLOY FR P1 -->
		<!--<connection-url>jdbc:oracle:thin:@YVAL46A0.inetpsa.com:1521:DVNP1</connection-url>
				<driver-class>oracle.jdbc.OracleDriver</driver-class>
		<user-name>dvnp1e</user-name>
		<password>changeit</password>-->
		<!-- DEPLOY PP2 P1 -->
		<!--<connection-url>jdbc:oracle:thin:@YVAL7JW0.inetpsa.com:1521:DVNP1</connection-url>
				<driver-class>oracle.jdbc.OracleDriver</driver-class>
		<user-name>dvnp1e</user-name>
		<password>changeit</password>-->
		<!-- VCO P1 -->
		<connection-url>jdbc:oracle:thin:@YVAL3SY0.inetpsa.com:1521:DVNP1</connection-url>
				<driver-class>oracle.jdbc.OracleDriver</driver-class>
		<user-name>dvnp1e</user-name>
		<password>changeit</password>
		<!-- PROD P1 -->
		<!--<connection-url>jdbc:oracle:thin:@YVAL69P0.inetpsa.com:1521:DVNP1</connection-url>
		<driver-class>oracle.jdbc.OracleDriver</driver-class>
		<user-name>dvnp1e</user-name>
		<password>changeit</password>-->
		<min-pool-size>1</min-pool-size>
		<max-pool-size>5</max-pool-size>
	</local-tx-datasource>
	
	<local-tx-datasource>
		<jndi-name>jdbc/DVN_P2</jndi-name>
		<type-mapping>Oracle</type-mapping>
		<!-- DEPLOY UK P2 -->
		<!--<connection-url>jdbc:oracle:thin:@YVAL0MW0.inetpsa.com:1521:DVNP4</connection-url>
				<driver-class>oracle.jdbc.OracleDriver</driver-class>
		<user-name>dvnp4e</user-name>
		<password>changeit</password>-->
		<!-- VCO P2 -->
		<connection-url>jdbc:oracle:thin:@YVAL0TH0.inetpsa.com:1521:DVNP2</connection-url>
				<driver-class>oracle.jdbc.OracleDriver</driver-class>
		<user-name>dvnp2e</user-name>
		<password>changeit</password>
		
		<min-pool-size>1</min-pool-size>
		<max-pool-size>5</max-pool-size>
	</local-tx-datasource>
	
	<local-tx-datasource>
		<jndi-name>jdbc/DVN_P3</jndi-name>
		<type-mapping>Oracle</type-mapping>
		<!-- DEPLOY P1 -->
		<connection-url>jdbc:oracle:thin:@YVAL46A0.inetpsa.com:1521:DVNP1</connection-url>
				<driver-class>oracle.jdbc.OracleDriver</driver-class>
		<user-name>dvnp1e</user-name>
		<password>changeit</password>
		<!-- PROD P3 -->
		<!--<connection-url>jdbc:oracle:thin:@YVAL7YG0.inetpsa.com:1521:DVNP3</connection-url>
		<driver-class>oracle.jdbc.OracleDriver</driver-class>
		<user-name>dvnp3e</user-name>
		<password>changeit</password>-->
		<min-pool-size>1</min-pool-size>
		<max-pool-size>5</max-pool-size>
	</local-tx-datasource>
	
	<local-tx-datasource>
		<jndi-name>jdbc/DVN_P5</jndi-name>
		<type-mapping>Oracle</type-mapping>
		<!-- DEPLOY P4 -->
		<!--<connection-url>jdbc:oracle:thin:@YVAL1HS0.inetpsa.com:1521:DVNP4</connection-url>
		<driver-class>oracle.jdbc.OracleDriver</driver-class>
		<user-name>dvnp4e</user-name>
		<password>changeit</password>-->
		<!-- PROD P3 -->
		<connection-url>jdbc:oracle:thin:@YVAL7YG0.inetpsa.com:1521:DVNP3</connection-url>
		<driver-class>oracle.jdbc.OracleDriver</driver-class>
		<user-name>dvnp3e</user-name>
		<password>changeit</password>
		<min-pool-size>1</min-pool-size>
		<max-pool-size>5</max-pool-size>
	</local-tx-datasource>
	
	<local-tx-datasource>
		<jndi-name>jdbc/DVN_P6</jndi-name>
		<type-mapping>Oracle</type-mapping>
		<!-- DEPLOY P4 -->
		<!--<connection-url>jdbc:oracle:thin:@YVAL1HS0.inetpsa.com:1521:DVNP4</connection-url>
		<driver-class>oracle.jdbc.OracleDriver</driver-class>
		<user-name>dvnp4e</user-name>
		<password>changeit</password>-->
		<!-- PROD P3 -->
		<connection-url>jdbc:oracle:thin:@YVAL7YG0.inetpsa.com:1521:DVNP3</connection-url>
		<driver-class>oracle.jdbc.OracleDriver</driver-class>
		<user-name>dvnp3e</user-name>
		<password>changeit</password>
		<min-pool-size>1</min-pool-size>
		<max-pool-size>5</max-pool-size>
	</local-tx-datasource>
	
</datasources>
